name,label,detail,sequence
protein_53564,0,NESG-BjR224 $ 1 $ NESG $ work stopped $ 1 $ label=0,MGSPNSLSRRGFCLCCVGGATFAASAGWLTPREAYAEARGLVSLIKDSAAISPITASRLRNNISVLEGSGGNIAVLTGSDGKLLVDAGIRVSRAQLTNALAGLGTDPVTHLVNTHWHFDHADGNEWLHSAGAKIIAHENTRKHLLGVQRVEDWDYNFLPLGPGGIPSEVFAGSHKLGLNGASISLKYFGPAHTDSDVSVTFVEANIVHVGDTFWNGIYPFIDYSTGGSIDGMIAACDANLAATDKDTIIIPGHGKPVSNKAELQAFRDMLVAIRDNVARLKAQGRTWDETVAAKPTAAFDAQWGQFVIDPGFFTRLVYQGV
protein_9190,1,1PTR_1|Chain A|PROTEIN KINASE C DELTA TYPE|Mus musculus (10090) label=1,HRFKVYNYMSPTFCDHCGSLLWGLVKQGLKCEDCGMNVHHKCREKVANLC
protein_57380,1,"6KVR_1|Chains A, B|Fatty acid amide hydrolase|Candida albicans (5476) label=1",MSVSYETFLNKDPLDKYEDSEIYTKEWLPKVEKYRQDLKDAIPKNYTIELPKPIDDLIKDQFNAVDYLYSQKLLTPEEFAITDLSATELAKKIAAGELSSVEVFKAFAHRATLAHQFTNCAMELFIDEGLKQAEERDNYFKEHGKTVGPLHGIPISLKEQMNYKDKITHGGYVSKIVNIPNSHGVTTSILEKLGAVFYVRTSQPQTLMHLDSANNFTGLTKNPFNLLLSSGGSSSGEGAIVGYGGSAIGVGSDIGGSIRAPAAYSGCHGLRPTTKRISVKGGVSSGAGQESVPAVAGPMARSIDDLELWMKAYINEGKPWESDSTSLPMPWRDVSTPKIGDLTVAIIRDDGLVRVSPPIRRALNTVVEKLKGAGAKIIEFDPPNTKLAYETVHKMYNCDGNHMQRKLLSGSNEPLTKLTKWNLNYGEGAKHYDVASNRELNVTRDQLRDQYNDFMVQNKVDFILSPTYNNVAPHSEEVYNWSYTSLWNILDFPTLSFQTGIFQDPTKDKWTEEDTKYKYRSKLEQLENENYDPSQFVGAPVGLQLSGKRYFDEEVLAAGKAIVDLLGVDLY
protein_51173,0,MCSG-APC82413 $ 1 $ MCSG $ work stopped $ 1 $ label=0,MKLSPHCSLPLTLGGTTDQVASQCYEHEIIDNDFVTELEGFIDIENIEPGDEGRKIICRVENGRCVTVTMAYLDLPITDTFLGLGLNYGPNAKAQFLAGLRHQGVEVIAQSEYIILPNDFVTIELGESITWWDRAYWGTDGFLNEAISLQP
protein_44330,1,6YWV_33|Chain GA[auth 6]|50S ribosomal subunit L30|Neurospora crassa OR74A (367110) label=1,MSASSRGAALLRSQQRSICLQCRNQTRVLAPAGVTSAPRRFYSAEASATATATATATTTTTLPPPHPPVTTSTGTHAATSTSSQIYRIKSGVILTRPPLLTRDLTPFEESFYFYQKRLNERLTAPFRKDFYFKKDTAADLDWRIKLKERHGVPAKDIGRYNPRGRMAWNDEVLVGSQTSSRKHMVEKLLADAEMRVSEDGEEIPAEDRVPVEKPMPRRTEADEKGDVKRLDRALDKTLYLVVKKKADKEGEEAKWMFPTGVVPTDEGLHETAARILAESAGVNMNTWIVGRVPVAHHVVRPVFGQKDGALLKKGEKIFFLKGRIMAGQADLTDNLHDLVDFKWLTQEELRSTLAEEYFHSVKGMFAER
protein_48723,1,"2PLY_2|Chains C[auth A], D[auth B]|Selenocysteine-specific elongation factor|Moorella thermoacetica (1525) label=1",GSPEKILAQIIQEHREGLDWQEAATRASLSLEETRKLLQSMAAAGQVTLLRVENDLYAISTERYQAWWQAVTRALEEFHSRYPLRPGLAREELRSRYFSRLPARVYQALLEEWSREGRLQLAANTVALAGFTPSFSETQKKLLKDLEDKYRVSRWQPPWVKEVAGSFNLDPSELEELLHYLVREGVLVKINDEFYWHRQALGEAREVIKNLASTGPFGLAEARDALGSSRKYVLPLLEYLDQVKFTRRVGDKRVVVGN
protein_33069,0,MCSG-APC26499 $ 1 $ MCSG $ work stopped $ 1 $ label=0,MIRIWLLRHGKTQGPAALNGITDVAVKPSVQQAIASQLSTLPFTRVISSPLRRCADLARLLQSARPHVMLDFDPQLQELNFGELDGQSFADLETQWPILDAFWQDPAKNTLPQAEPLAMAYQRVSQAWQQWLPKLESDTLILCHAGTIRLILAHVLGVDWRNPHWHTRLTIPHQSVTELVLYPGEPPIVSVTSIGNALCR
protein_20149,0,CESG-GO.73672 $ 1 $ CESG $ work stopped $ 2 $ label=0,MSEQTLEYFLNKGTIRRKDAADIEWYHAANSKSKLMEALRGSAQMIEADVLLRGADPEEPIMAHPPAKDSDITLQDWLKEVVKTDKGIKLDFKSLAAVSQSMSLLEEIRDQLKGPVWINADILPGPGGTATPVDPHVFLQEVAQRSENDVLSLGWTTGWTANVDNPGYSWEMVHQMEELCRPLKQPVTFPVRASLLPMSFPQFQWLLEQSDRSEILH
protein_5947,1,1QRL_1|Chain A|CARBONIC ANHYDRASE|Methanosarcina thermophila (2210) label=1,MQEITVDEFSNIRENPVTPWNPEPSAPVIDPTAYIDPQASVIGEVTIGANVMVSPMASIRSDEGMPIFVGDRSNVQDGVVLHALETINEEGEPIEDNIVEVDGKEYAVYIGNNVSLAHQSQVHGPAAVGDDTFIGMQAFVFKSKVGNNCVLEPRSAAIGVTIPDGRYIPAGMVVTSQAEADKLPEVTDDYAYSHTNEAVVYVNVHLAEGYKETS
protein_14972,1,BSGI-Z0890_ECO57 $ 1 $ BSGI $ soluble $ 1 $ label=1,MKQSIVSLAQVIRSKNAGPYELVLDILFKTKENYERVKSSGQLTPELIARLYHVEPDFIHRIVWFDPSNAVKIVMPRDIISGNVGDNDVYGAQQHAPLLNMSFDL
protein_36326,0,NESG-AhR80 $ 1 $ NESG $ work stopped $ 1 $ label=0,MNKAVETRLNKSRPGGWIPRDGAHIERWIRRIKHYVTQQPRALVPPIAELRDLVHANPALHAQAEAMFKEAWRHKHLTPLGQPEVRSFEEFLGLLNGIMTTAPEAYQDIPSHEPSGLIGFPINALLDWPMATQSGYHFFANALINQQFKKILDYWAQFLQSPASRYVLNEPVSRLDQETLVVPWLGKVAKAEMVKVANEAVGEGPNPTPGSFEQIFECEPAAEYHGFSCWDDFFTRRFRAGVRPVSAPTDDGVIVNACESAPLQVRKEVSRSDQFWLKGQPYSLDNMLDFDDLAPRFEGGTVYQAFLSALSYHRWHSPVSGTIRKVRIVNGTYYLENQFEGFADPQGADPSAPNNSQPFLTSVATRALIFIEADNPKIGLMCVVPVGMAEVSSCEITVQAGDRVQKGDPLGMFHFGGSTHCLLFRPGVRLEFDFHGQIPGLDATNMRLNTAIARVK
protein_3602,0,CSGID-IDP95180 $ 1 $ CSGID $ work stopped $ 0 $ label=0,MNKINASPQAMLIVRLAAAQAPLHWQLFAPGEPHHEASGRWPTDDASPFPALAEQYPAWVLIPASDCAFHSLTLPAGLRKPPLQVAPFLLEEQLADDVEATHFALLHRQQAQCEIVAVQRQKMRDWLARCESLSLQPLALTPDVLALPWQPPAWSAVQVDEQWLIRHQPWGGMAAENVWLTELLQSEAEEHVIDSYSPPPAAPGVWREQPAQTLLTLAARHPAAQKLSLLQGEFAVR
protein_44076,0,NESG-AR1152 $ 1 $ NESG $ work stopped $ 1 $ label=0,MIFYKDGKKVISGKYHEGLYYLEGMVVKAEKSVPHAENGGKSVVKAVVGVRKKKSRKGMEVNRDKAKGVLALLQESQEKEAKTFKMYEATVVGTNNISFQINELNYRREGIGNQTYGHKAVLNKILKTIDPTDVMTQVIPGKDFHACYDLLNIVQLPVGAWKYGEETYIPGGAVGKIKEKSDSDSMWSLCDEDSRNPS
protein_61921,0,MCSG-APC6216 $ 1 $ MCSG $ work stopped $ 1 $ label=0,MESSSTASQSGSRREATRQKLYEAAVTLIAEQGFSATTVDEIAERAGVAKGTVYYNFASKSVLFEELLRHGVGLLTASLRQAAERTAREGRGRVDALDAMIRAGLVFIDRYPAFTQLYVAELWRTNRAWQSTLLVVRQEAVAVVEGVLREGVASGEFSEDIDVPLTAAALVGMVLVAALDWKAFQPERSLDDVHAALSRLLQGRVSGRG
protein_6988,1,"7PLN_1|Chains A, B|Sporozoite micronemal protein essential for cell traversal, putative|Plasmodium vivax (5855) label=1",ETGKDIVKILTASTTVTKTGPPPISAECPHNMVVLFGFVVKQNFWDHTNKLQSYEMEICESGASSCTSKQGNTNKYDVSYTYIECGPQALPFTEQVVSVSGTTYNSVKCPNDYSVLFGFGMATSSGRHQSALYSYFTPCRPGLKSCSLNMNEHDDKSYIYLVCVDATIWTGLNALSMIAKDDLHSAVNRYQQFNDGELVVTCPSEGTILTGFYGETHTSSPYVTVPFGKCAKSLKACSVHGSGQAIGIHNYRTLFTVALCKNNKTHHHHHH
protein_46019,1,"6GY4_1|Chains A, B, C, D|Protein bicaudal C homolog 1|Homo sapiens (9606) label=1",SMSEERFRVDRKKLEAMLQAAAEGKGRSGEDFFQKIMEETNTQIAWPSKLKIGAKSKKDPHIKVSGKKEDVKEAKEMIMSVLDTKS
protein_48146,0,CESG-GO.22927 $ 1 $ CESG $ work stopped $ 2 $ label=0,MGNLFCCVQVDQSTVAIKETFGKFEDVLEPGCHFLPWCLGSQVAGYLSLRVQQLDVRCETKTKDNVFVNVVASIQYRALANKANDAYYKLSNTRGQIQAYVFDVIRASVPKLLLDDVFEQKNDIAKAVEEELEKAMSAYGYEIVQTLIVDIEPDEHVKRAMNEINAAARMRLAANEKAEAEKILQIKRAEGEAESKYLSGLGIARQRQAIVDGLRDSVLGFAVNVPGTTAKDVMDMVLVTQYFDTMKEIGASSKSSAVFIPHGPGAVRDVASQIRDGLLQGSSANL
protein_266,0,CESG-GO.35170 $ 1 $ CESG $ work stopped $ 2 $ label=0,MEAQAQGLLETEPLQGTDEDAVASADFSSMLSEEEKEELKAELVQLEDEITTLRQVLSAKERHLVEIKQKLGMNLMNELKQNFSKSWHDMQTTTAYKKTHETLSHAGQKATAAFSNVGTAISKKFGDMSYSIRHSISMPAMRRK
protein_3155,0,MCSG-APC68053.1 $ 1 $ MCSG $ work stopped $ 1 $ label=0,MPTKTLRIPTTDGQADAFAAFPDHSERYPGVLMYADGFGIRPVLREMALELAGHGYYVLVPNSFYRHGPAPLVELPEYIGEGIRPAVFAQLMPLIEAHTAERVLSDADAYLRFLTTQPEVGAGPVAVTGYCIGGLYAMRTAAAHPDQVAAVAAFHGPVGVDGANLFSKLTAQVHLGHAEGDMTPEALGELNQALDAAGVGYTSEIYPGTIHGFTMSDTDAYSAFGLKRHWDRLLPLLDRTL
protein_51523,0,NESG-BtR241 $ 1 $ NESG $ work stopped $ 1 $ label=0,MTHLKIFLLLIVCALSVLDGKAQTGIALTDELNGKRIGVIGDSYVRNHKEPFENTWHYKFAKKHGMEYFNYGKNGNSIAYSSPRWGKAMYLRYAEMADSLDYVIVIGGHNDAFKLDSIGGIDNFKDKMEILCKGLVEKYPTAKIFFFTRWNCKNFKGSDSEKVVDAMIEVCGNYSIPIFDCARKGSIYADNDTFRRIYFQKSKNNTDTAHLNSKGHDRFLKVAESFLLQYLEHHHHHH
protein_46641,1,5ZM7_1|Chain A|Oxysterol-binding protein-related protein 1|Homo sapiens (9606) label=1,MDALSNGIKKHRTSLPSPMFSRNDFSIWSILRKCIGMELSKITMPVIFNEPLSFLQRLTEYMEHTYLIHKASSLSDPVERMQCVAAFAVSAVASQWERTGKPFNPLLGETYELVRDDLGFRLISEQVSHHPPISAFHAEGLNNDFIFHGSIYPKLKFWGKSVEAEPKGTITLELLEHNEAYTWTNPTCCVHNIIVGKLWIEQYGNVEIINHKTGDKCVLNFKPCGLFGKELHKVEGYIQDKSKKKLCALYGKWTECLYSVDPATFDAYKKNDKKNTEEKKNSKQMSTSEELDEMPVPDSESVFIIPGSVLLWRIAPRPPNSAQMYNFTSFAMVLNEVDKDMESVIPKTDCRLRPDIRAMENGEIDQASEEKKRLEEKQRAARKNRSKSEEDWKTRWFHQGPNPYNGAQDWIYSGSYWDRNYFNLPDIYLEHHHHHH
protein_60395,1,JCSG-367548 $ 4 $ JCSG $ diffraction-quality crystals $ 0 $ label=1,MGNIYQITVEEKAEHQRTLSFEFSLHDDLFKLLEKVDGKMDMTPEQTQAFMVGLKLFGEVMMQQRKHPLFKEFSAPFRAFMMNLKKQ
protein_45457,1,"2YVL_1|Chains A, B, C, D|Hypothetical protein|Aquifex aeolicus (224324) label=1",MNSFKEGEYVLIRFGEKKFLRKLLPKQSLSVKKSVLKFDEVIGKPEGVKINGFEVYRPTLEEIILLGFERKTQIIYPKDSFYIALKLNLNKEKRVLEFGTGSGALLAVLSEVAGEVWTFEAVEEFYKTAQKNLKKFNLGKNVKFFNVDFKDAEVPEGIFHAAFVDVREPWHYLEKVHKSLMEGAPVGFLLPTANQVIKLLESIENYFGNLEVVEILHRHYKTISERFRPEDQMVAHTAYLVFGRKLKT
protein_59652,1,JCSG-381816 $ 5 $ JCSG $ diffraction-quality crystals $ 0 $ label=1,MKIPKIYVEGELNDGDRVAIEKDGNAIIFLEKDEEYSGNGKLLYQVIYDDLAKYMSLDTLKKDVLIQYPDKHTLTYLKAGTKLISVPAEGYKVYPIMDFGFRVLKGYRLATLESKKGDLRYVNSPVSGTVIFMNEIPSERANYVFYMLEE
protein_63894,0,MCSG-APC84606 $ 1 $ MCSG $ work stopped $ 1 $ label=0,MKPRESMVRLKMFQVRGKRREIAQLEMMIAEFERMVLELEAQIVHEECKSGNSDVHHFAYSALARAARQRRDNLINSIRDLQLQKTNAEIALHEVTTELQRAQLLEARENGGVAGEKDIFMQSRSMTG
protein_1584,0,CESG-GO.9177 $ 1 $ CESG $ work stopped $ 2 $ label=0,MAPTFSPNPQNFTKKDKTKAERRKPEEGDDDHHHNASQLFLNPWQTRAARCRSLANGMLMTLHQLRGLLLSSTKLETRRKEVENLTHQGKMNLDIIKMGKFLRNPPKNGFAVYAQNKWRGVCLGRSFIYI
protein_22536,1,5MMI_1|Chain A[auth 0]|50S ribosomal protein L31|Spinacia oleracea (3562) label=1,MVLTLSNQFLAKIPATPKTLTLPKTSSSTLRPQWSCRKSDIHPEFREDAKVYCNGELVMTTGGTQKDYTVEVWSGNHPFYLGNRSALLLDADQVEKFRKKYGELTQIMEIPVLKGEIILPPKKKSKAKKK
protein_64538,0,CESG-GO.22238 $ 1 $ CESG $ work stopped $ 2 $ label=0,MCLEVVYHEEKTELGRQQAPGMCPYCGGKVSAVDIETKWLFCFLPLCFKVKRKYSCSSCERHLVLYY
protein_54571,1,JCSG-424583 $ 1 $ JCSG $ diffraction-quality crystals $ 0 $ label=1,MSSAIERKSLDPSEEPVDEVLQIPPSLLTCGGCQQNIGDRYFLKAIDQYWHEDCLSCDLCGCRLGEVGRRLYYKLGRKLCRRDYLRLFGQ
protein_39573,1,"2P23_1|Chains A, B|Fibroblast growth factor 19|Homo sapiens (9606) label=1",RPLAFSDAGPHVHYGWGDPIRLRHLYTSGPHGLSSCFLRIRADGVVDCARGQSAHSLLEIKAVALRTVAIKGVHSVRYLCMGADGKMQGLLQYSEEDCAFEEEIRPDGYNVYRSEKHRLPVSLSSAKQRQLYKNRGFLPLSHFLPMLPMVPEEPEDLRGHLESDMFSSPLETDSMDPFGLVTGLEAVRSPSFEK
protein_52033,1,8GXQ_12|Chain L[auth FB]|General transcription factor IIF subunit 2|Homo sapiens (9606) label=1,MAERGELDLTGAKQNTGVWLVKVPKYLSQQWAKASGRGEVGKLRIAKTQGRTEVSFTLNEDLANIHDIGGKPASVSAPREHPFVLQSVGGQTLTVFTESSSDKLSLEGIVVQRAECRPAASENYMRLKRLQIEESSKPVRLSQQLDKVVTTNYKPVANHQYNIEYERKKKEDGKRARADKQHVLDMLFSAFEKHQYYNLKDLVDITKQPVVYLKEILKEIGVQNVKGIHKNTWELKPEYRHYQGEEKSD
protein_43682,0,NYSGRC-024273 $ 1 $ NYSGRC $ work stopped $ 0 $ label=0,AYHVMIMKGLRVFPIIGMLWFNTCHAELNVIADLGGKDASPFYESINAEQRDEPVSSVQNSSPEMAGEAAMLPVKTPELTPGKVASRPLQLPGIGALFLIGDDPDSRQWLSQNAATLTKLHAVGLVVNVSEIAGLQSLRASAPGLLLSPAAGTELARRLQLQHYPVLITETQLSQQLSP
protein_10792,0,MCSG-APC61220.1 $ 1 $ MCSG $ work stopped $ 1 $ label=0,NDNKSSQLIYLNTAGEIRLRTSLSTSGQVAWISRVGDFNSDTFYLRSMSMVQSPKWEKVNTATLNRALYLEDQYPNIDASLYATEQIIVTNNGIELPVTLAYRKDKLTDTNPVFLYGYGAYGVTMKPYFMPQIISLLDRGVIYAIAHVRGGGYKGEDWYQAGRGINRQNAATDFINAAKSMKLYRNGERKIYALGSSAGGTLIATALNQEPKLFQGAALNVPFVDVINSMSDSSLPLTLQQYSEWGNPTIQDELNIMKKTDPYLNISKQEYPPLLVQVGFNDSRVPYWEGAKYLTKIRRNSSGKGPYLLETHFNQGHSTNRRDALKQQAFEYIFLLSLIN
protein_23264,0,MCSG-APC82602 $ 1 $ MCSG $ work stopped $ 1 $ label=0,MRLPYSGEWKEVGRTVTQQFADMANTVLIVAQQDGAGPVGSEFGKASPIGWFVVVALLAVVLYIGWAFRRRYTRMHRRNLFAQTHGIDPFDHEAIDKAMAEAGVLDQSKKYWL
protein_20481,0,NESG-FR176 $ 1 $ NESG $ work stopped $ 1 $ label=0,MWKKIIFCVVLVAFVVVPFANSLTCSKCTSPSGCKSPSSETCSNSTANANKEFLEGYHSNVPTVNGSLSFSCANLTYYHAANYTHTFEFLGCVFNETNVCNLSLNNTASGWSKKCLQCGTDYCNPAGTYSSSVYTIVGSAIAVILAKVLS
protein_18295,1,SGPP-Lmaj00706AAA $ 1 $ SGPP $ soluble $ 1 $ label=1,MAHHHHHHMLRFTVPALVVFQNAYAPRVLNRMTPDRMELTMLILKERKKKVRYLGSNFQGFNDRVHLFNAQGGVRRGTRYIIETHHNRIQFKHRSRNNSMVDVRAVKMAGSQYDSIGNYTRMTWDNSLCTTNLLSDPNFKRHFKNMPKEETIGVLEEWGVRYILLDEIRKPSLMDCKYHKHHLYADKFWWSPSPETNHMRGDAEFKWKGNELIAYGDYNAHMQHPANFVTSSSSGSSGSGAATSKSAAAAAGSKKGASARPWFRRTVVVRKSQASDTKPLSTASKIAAAGTSK
protein_11747,1,"7E5U_1|Chains A, B, C|Diels-Alderase|Pyrenochaetopsis sp. (1756125) label=1",GSHMSEPTSSSSLDITSNCIIETPLQPSDFLPKSANLFPKFPERISVDSWELWEFDTFDTNGSVAFGCSLYRDARGVEQGGFHAEVNALWPDGTHWGETLYFAVSEVVENSDGTTGGKWLSKDGGSITFHIASDYTAAALDFNVPGKVSGTMELRNHANVSPTSNLPASDAEAQLCPGVYYTFPMGPVATSVTATFSSVGANGESRELFISSGYGGMVRGWSARPWPTFMNDAYYVVAQVGPYMLQILRTLGSVFVQHKPFAVARLYLDGSLVSAANTVVGDELTAHADDVKGDAVRLTKVQPDEKSQGLSGKFRDGNVGYVLEFAKKDSEHGWTFQISHKRAVWSEPTSAPGPDGTGKSGWIEAISGGAKGENYEGHGFGGQLQIPVP
protein_62529,1,4CIT_1|Chain A|VANADIUM-DEPENDENT HALOPEROXIDASE|ZOBELLIA GALACTANIVORANS (63186) label=1,HHHHHHGSMKKILIALISFAFAVSCKAPQKEEPINITPEELDASIDRVTEIMIHDIFSPPVASRIFAYPNVAAYEIVAATNDNYNSLAGQLNGLTAIPEPDTTKTINYELAAVVAHMELSKRLIFSEDRMESLRDSLYMVWEGKNPVLFSDSKAYGLQVADHIGEWMNKDNYAQTRTMPKFTVDADDPGRWQPTPPAYMDGIEPHWNKIRPFVLDSAAQFKPVPPPAYSLEEDSAFYKELKEVYDVRNKITEEGDSSEEIQIARFWDCNPYVSVTRGHLMFATKKITPGAHWMGIAKIAARKTNSDFAKTLFAYTKASVAMADAFISCWDEKYRSNLIRPETVINQHIDDSWKPVLQTPPFPEYTSGHSVVSGAASVVLTEVFGDNFSFDDDTEVPYGLPIRSFKSFKQAADEAAISRMYGGIHYRAAIEVGVKQGRDLGTFVVNKLHMLSDKKVAQN
protein_47594,0,CESG-GO.20364 $ 1 $ CESG $ work stopped $ 2 $ label=0,MAASSSVRPTPTGPQVFINFRGKDLRNGFLSFLEPAMREANINVFIDKDEVVGTDLVNLFVRIQESRVAVVIFSKDYTSSEWCLDELAEIKDCINQGGLNAIPIFYKLAPSSVLELKGGFGDTFRVLKEKYKNDPERTQKWQEALESIPKLKGLRLAEKSDRNEREFMNEMILEIQKALWQIAMKGNPKVESNSKGGFLVPARRLTIAHSDNPEKWTWSAIYDRPHKADIEIATMINTHALIKISGDFHTRKLIPGKKYEVVFIVSLDDTSLGWKNEVTLTLKVVMSDEAANVKAKKLCLDEYIGENWVDIPVGDFEAPQEKEDAKIFFSMYQLLNTERKSGLVVKGFAIRPAQ
protein_11842,1,"7BJI_1|Chains A, B, C, D|Centrosomal protein of 135 kDa|Danio rerio (7955) label=1",GPRNVDAILEPYKTENARLVKENNEMHLGLLKLREEKDRISRELKAYIRKLDHETSDLKFLNNQYVQKVRSLEKDSNGKTERILQLQEKNMQAVVQTPGGKKRSIPFRRQRMQTDELLPSSGGYVPPAV
protein_53656,1,SSGCID-TogoA.17146.a $ 1 $ SSGCID $ soluble $ 1 $ label=1,MAHHHHHHMGTLEAQTQGPGSMNQGGKGFSFGKPRESLILPRKHDSSEPEPPIRWMAIDFVCTPTAENLDIDVHAFVFTHDGEYVDCVFYKNPVLAGKGIRLQGTTLYLDLKMLPARAGFVVVTLAVYSGGALLDLKECSTEVRAYIPKDPLAASKTVAAGKLPSPEDHWEALLATMTITSSVIGVFPDAKGFLDCLLAEEDGNWFLKALMRPVAAFTPQVLIEPAQRAVLRYRSTVENGEDTSALPLGELLNSVKQGKAPPDLLPAKSDDDLSLQMGDFDRLNGGTDSETGTRDRRTDDTGSSDHGKSQWGGRGGERDFKRYSGGKSEEVPDNEDIDSLEEHRRHVELPHRGLMDILEEFMEPSEMEAASTEGDDARKFESPSYFREVKRTEEASWTRGEKVAGGAGGTRLREVTRSDDEKREGTERMGREDSQWKKGVEERLMRLEKGLTDVTRALQQVADGTKEMNVKMQKWFAVTASQLDKLQGGAGLPGGVPDPSGAASLQNLLQTVELDASTRGGPQDSVAHQLRMIDQRLTLGERNQQHISQTLSELKVQLAGVERRLGNTALGGGGDKPAVPQLVVDEVVVVDDGRQRTTLEDEASEEDEGMSTSQRKGVSRRWHRCFCRACCFSDKAGGEARSSRTPCGCSRERGESGDPPRTAGGRDFNDLVSRTETVLKNVEKIDHYGEELGDLLRCLASCTAPDGLKGLDPVERKLFAFAGTPKTFEALHTFETALDRLRVKGIDLLDSPRMQS
protein_51423,1,8BPO_50|Chain XA[auth t2]|Tetratricopeptide repeat protein 5|Homo sapiens (9606) label=1,MGHHHHHHENLYFQGSAWSHPQFEKGGGSGGGSGGSAWSHPQFEKGSSGMMADEEEEVKPILQKLQELVDQLYSFRDCYFETHSVEDAGRKQQDVQKEMEKTLQQMEEVVGSVQGKAQVLMLTGKALNVTPDYSPKAEELLSKAVKLEPELVEAWNQLGEVYWKKGDVAAAHTCFSGALTHCRNKVSLQNLSMVLRQLRTDTEDEHSHHVMDSVRQAKLAVQMDVHDGRSWYILGNSYLSLYFSTGQNPKISQQALSAYAQAEKVDRKASSNPDLHLNRATLHKYEESYGEALEGFSRAAALDPAWPEPRQREQQLLEFLDRLTSLLESKGKVKTKKLQSMLGSLRPAHLGPCSDGHYQSASGQKVTLELKPLSTLQPGVNSGAVILGKVVFSLTTEEKVPFTFGLVDSDGPCYAVMVYNIVQSWGVLIGDSVAIPEPNLRLHRIQHKGKDYSFSSVRVETPLLLVVNGKPQGSSSQAVATVASRPQCE
protein_58291,0,MCSG-APC67085.2 $ 1 $ MCSG $ work stopped $ 1 $ label=0,MVKETTYYDVLGVKPNATQEELKKAYRKLALKYHPDKNPNEGEKFKQISQAYEVLSDAKKRELYDKGGRMQRERRGKNVVHQLSVTLEDLYNGATRKLALQKNVICDKCEGRGGKKGAVECCPNCRGTGMQIRIHQIGPGMVQQIQSVCMECQGHGERISPKDRCKSCNGRKIVREKKILEVHIDKGMKDGQKITFHGEGDQEPG
protein_54705,1,4EXP_2|Chain B[auth X]|Macrophage colony-stimulating factor 1 receptor|Mus musculus (10090) label=1,ADPAPVIEPSGPELVVEPGETVTLRCVSNGSVEWDGPISPYWTLDPESPGSTLTTRNATFKNTGTYRCTELEDPMAGSTTIHLYVKDPAHSWNLLAQEVTVVEGQEAVLPCLITDPALKDSVSLMREGGRQVLRKTVYFFSPWRGFIIRKAKVLDSNTYVCKTMVNGRESTSTGIWLKVNRVHPEPPQIKLEPSKLVRIRGEAAQIVCSATNAEVGFNVILKRGDTKLEIPLNSDFQDNYYKKVRALSLNAVDFQDAGIYSCVASNDVGTRTATMNFQVVESH
protein_16272,0,MCSG-APC66108.0 $ 1 $ MCSG $ work stopped $ 1 $ label=0,MERKRYSKRYCKYTEAKISFIDYKDLDMLKHTLSERYKIMPRRLTGNSKKWQERVEVAIKRARHMALIPYIVDRKKVVDSPFKQH
protein_4610,1,SSGCID-MytuD.18765.a $ 1 $ SSGCID $ soluble $ 1 $ label=1,MAHHHHHHMGEANIREQAIATMPRGGPDASWLDRRFQTDALEYLDRDDVPDEVKQKIIGVLDRVGTLTNLHEKYARIALKLVSDIPNPRILELGAGHGKLSAKILELHPTATVTISDLDPTSVANIAAGELGTHPRARTQVIDATAIDGHDHSYDLAVFALAFHHLPPTVACKAIAEATRVGKRFLIIDLKRQKP
protein_33060,0,MCSG-APC110039 $ 2 $ MCSG $ work stopped $ 0 $ label=0,RLSQLTDQVAEVDARAARYQRALAVAVDPTASRIVLRTQSGDTRAVLMSASSDAAVVPVSLPPNDGAAEVYVVWGLSTPTPAPLATFDVPAAGEAPELLSWNPEAAAHDEYAISLEPGRSAPPTPSEVVASG
protein_35487,0,NYCOMPS-GO.11227 $ 1 $ NYCOMPS $ work stopped $ 2 $ label=0,MTPNAPSTFNNMLLIAVFECRKFLFNLRGMIALIAFALVWGMLLLYPIQGASTLLMQPNIKDLIDGLFGNNALNVLFDWPVAEMAIFWCFALYLFPMFSILIAADQFSSDKTRGTLRFYTIRTSKDSLLFGRFLGQILIQGLLILLTILATIALALSRDASLLLPAISSGALVGVNLLIVILPFTAVMTLLSLYASTARQAMVLATILWTVVSIALLILGNESRLFEGLQWLLPGAQLSNMINTNGLNSLAYAPIPLLQTAIALFLGRIYFQRSQL
protein_16635,1,SSGCID-BuxeA.01666.h $ 1 $ SSGCID $ crystallized $ 1 $ label=1,MAHHHHHHMGTLEAQTQGPGSMSEMNFLVIDDDEVFSGILARGLTRRGYMVSEAHNADEAIKLANQQKFSQITVDLHLGNDSGLTLVAPLRDLQPDARMLVLTGYASIATAVQAVKDGADNYLAKPANVETILSALQSEASALQAEEAIEHPTPLSVARLEWEHIQRVLAEHGGNISATARALNMHRRTLQRKLAKRPVKQ
protein_5932,1,"2GJU_1|Chains A, B, C, D|252aa long hypothetical protein|Pyrococcus horikoshii (70601) label=1",MVYVAVLANIAGNFPALTAALEKIEELKEEGYEIEKYYILGNIVGLFPYPREVIEAIKNLAKTSNVKVIRGKYDQLIAMSDPHAGDPKYIDKLEIPDHLKATLKYTWEKLGHEGREYLRDLPIYLVDKIGKNEIFGVYGSPVNPFDGEILPDQPTSYYEAIMRPVKEYEMLLVASPRYPLDAMTMYGRVVCPGSIGFPPAREHKATFALVDAETLKVKFIEVEYDKKIIEDRIKLEKLPEEVIKILYHGGKA
protein_18879,0,NYSGRC-006053 $ 1 $ NYSGRC $ work stopped $ 0 $ label=0,SPLTQVNTTVSVQIGTKALLCCFSIPLTKAVLITWIIKLRGLPSCTIAYKVDTKTNETSCLGRNITWASTPDHSPELQISAVTLQHEGTYTCETVTPEGNFEKNYDLQVLVPPEVTYFPEK
protein_52032,1,8GXQ_11|Chain K[auth EB]|Transcription initiation factor IIE subunit beta|Homo sapiens (9606) label=1,MDPSLLRERELFKKRALSTPVVEKRSASSESSSSSSKKKKTKVEHGGSSGSKQNSDHSNGSFNLKALSGSSGYKFGVLAKIVNYMKTRHQRGDTHPLTLDEILDETQHLDIGLKQKQWLMTEALVNNPKIEVIDGKYAFKPKYNVRDKKALLRLLDQHDQRGLGGILLEDIEEALPNSQKAVKALGDQILFVNRPDKKKILFFNDKSCQFSVDEEFQKLWRSVTVDSMDEEKIEEYLKRQGISSMQESGPKKVAPIQRRKKPASQKKRRFKTHNEHLAGVLKDYSDITSSK
protein_5816,1,NYSGRC-000554 $ 1 $ NYSGRC $ soluble $ 0 $ label=1,QNKLLQFICIKKLYKQKQSYKSIIKFASLPLAKKQIMCSIALLFVIKLSWATHHYDTIIIGAGVSGLTAAHHLHKAQQKVLIIEAKNRLGGRVYTSYDWGFATDLGASWIHAIENNPLMPLIGKQSIIINTYSNSDPVAMLNNYALYDSEGKPVSKQTQTLFSSLTKEFLRYCQTRNQMISFAQNLTTFAKQKKLTSEQLALLSYALENIYTYEFADNLTKLSRNVHSASEASIASGKNALVPEGYFQLFRPLTQHVPIHLNQIVSQINYGADGVNIITQHEKYHANQVIITVPLGVLKANAIKFHPALPKDKRTAISQLGMGSYEKLYLLFDKVFWDKDKEWIGMLPQNEQEAFNIFNYYKYTKKPVLIVFTSGKLAHDMEKEHLTEWVMQHLRRIYGSNIPKPIKNKKTHWGSDPFTRGSYSYLPVNVDKSVIGILAQPVANRLYFAGEATSTTDPSTVHGAYLSGIRAAEEVLASIKHSGKNREKDKAVNS
protein_32025,0,MCSG-APC105843 $ 20 $ MCSG $ work stopped $ 0 $ label=0,GGFSVVYLALDDDDRKFAIKEYLPRNLAERKDDGGVTVPHDLDRDAFNLGLKCFFEEGRVLSGISHPAVVRVSNFFRANQTVYMVMEYADG
protein_36,0,CESG-GO.102313 $ 2 $ CESG $ work stopped $ 1 $ label=0,SQPKVPEWVNTPSTCCLKYYEKVLPRRLVVGYRKALNCHLPAIIFVTKRNREVCTNPNDDWVQEYIKDPNLPLLPTRNLSTVKIITAKNGQPQLLNSQ
protein_15979,1,SGPP-Lmaj006800AAA $ 1 $ SGPP $ soluble $ 1 $ label=1,MAHHHHHHMAADKDTPDSLGHSQTMAAEGTKGVATEQQPQASPSSSSAAAAATSMSVAETTATDATTAAASRKAPAPHDKAVAVNEGSTARVAAASSSSSTASSSASVDEQRRRRLALYGSRAMAAGGKKGPALAADPHHPSTPHGSAHGRHALTAFGARRGGELAFYIQQGGDLTSQGRYLVIGDGLMAPFMALCLRVHGLECDLAHHPSQNDLDRGTVVLTPSVTQLMGDVLNVSVPSGSVVGRVLTFDHVGNDMCDVDLNEFREKGESPTFFCCDRLKVESALMSLCRIGAHSCMVLPKPQIDKGGLEPLESGGVRVRFTSGLQQDYLGVICTARNQELVPELTITNEELQARAENAEKYRDTFSKSVRWMELCVPPLPELGKFEKRFTPGSQEIVEILTPRDAKMTVRPTMMATKLFYNVTLTIPDGTADPRLKSTSTKLFWDDVVMHWTSGVPGYISHTMFRPMFTHLQQNFTKSSALVYRTPLFLMPHWSEGGGRVIKVAHAAHGSCFDAVDVSDAQGFTDCFTLARTIAGGEDVAAFLKERRLQVMEEMDHHSRLTYYGLKERGQMAYMMSRFNMKIMRKYKKSWRSILQNYVTLMPKSIPR
protein_7570,1,SSGCID-ButhA.17882.a $ 1 $ SSGCID $ soluble $ 1 $ label=1,MAHHHHHHMGTLEAQTQGPGSMKASELLQKDQAALNKELSDLLKAQFGLRMQLATQQLTNTSQLKKVRRDIARVRTVLTQKANQK
protein_45606,1,"3MX3_1|Chains A, B|SusD homolog|Bacteroides fragilis (272559) label=1",GASCDKFDEINTDPDATTKVTSSLLATGLLLDITSSSASKSFIYDELLAKQMAWGESMEDYQYNVFGRSGFGGYTTLINAQKMVESVSDDNVNAYDGLAHFIKAYKIFYMSMEMGDLPYEEALQGELGLVRPKYNTQKEVMNFILSDLETAYELFSTAKDFDGDPILGGSISKWKKATTAFQLKVLMHLSKKESDADLKVKERFARIVASGSLMESNEDNLQMKYADKANTVYPFHNTNTKHAGYAMLSTMLIDKFKATGDIRMFYYAKPAKAKLNEGVTADSWDAYIGTDPSLPFEQIEKAYATEQYSGFNARYTDYPSGEPVVRLGYAEQNFILAEAAVRGWISGDASAYYKKAIRAHMEFIASNTPDEEVYHHGHPITEEAIAAFLETPAIQLSGEKEEDIEKILTQRYLASFMQHPYDVYYDYRRTGYPVLPINPATNRNTMNDRLPMRWMYPKSESDYNLEHQNEALERQFGGVDDVNKLMWILQ
protein_45341,1,6HIX_9|Chain I[auth A9]|bl36m|Trypanosoma brucei brucei (5702) label=1,MRGTTKPMLFLCSTAVRLNFFPLGLSAGPLNSHILLPRNNFDGRTTHGMKKIQGQSKDPQMVMSRDELKLRCEYCRFEWIHDTLCVRCPAQPSHDQREMWLHSTWMWGKQQPYKYYKYMPAVRNPRTGMPMAREDARSMNNERRGQGLTTRTLNLEKERRGISRDVSRIGQYNTRWKTRFPFPT
protein_51128,0,MCSG-APC80663 $ 1 $ MCSG $ work stopped $ 1 $ label=0,MTILGKDTVQQSAKGESVTQEATPEYKLENTPGGDKGGNTGSSDANANEGGGSQAGGSAHTGSQNSAQSQASKQLATEKESAKNAIEKAAKDKQDEIKGAPLSDKEKAELLARVEAEKQAALKEIENAKTMEDVKEAETIGVQAIAMVTVPKRPVAPNAAPKTTSAPQATAGTMQDVTYQSPAGKQLPNTGSASSAALASLGLVVATSGFALLGRKTRRRK
protein_20888,0,NESG-DhR99 $ 1 $ NESG $ work stopped $ 1 $ label=0,MANAHFKQEIENALENDILRGALGRFGDVYGKNREQAYQGYDFAALREKVVEVKSYAAEHLDEMIEQFEKAVTARGAKVFHAATGDDAKQYIIELAKQQKVKNIVKSKSMASEEIHLNAALLKEGFDVQETDLGEWIVQLAGQRPSHMVMPAIHMTKEQVADTFNNNLSYTSDPVIAKLVKTARQEMRKKFVEADMGISGANIAVAETGTLMMMTNEGNARLTATWPRVHVFLVGLEKFVPNFEDAGYILQTLPRNGTAQQLTSYVTMITGPNPTYYPDGSIEDKEFHIILMDNGRRKMYADEQFKQVFQCIRCAACLNVCPAFQLVGGHVYGHIYTGGIGTILTAFLNSEKDAENPQNLCLQCGKCTEVCAGKLDIPGMILEIRNRIGDQKGLPMTPKFILDVVSNRRLFHSLLRVASKAQLPFSKGQPTIRHLPFFLSGLTEKRSLPTIADVPFRDVIRKMNQDVKNPKGTIAFFGGCLVDFVYPKIGEGVVRVLNEKGYKVTFPEGQSCCGAPASYMGDRQNARKSAIMNIEAMDAEKVDYVVSACPTCTHALIDSFRELLADDPAMLKRAGELSRKSMDFAKLLTILGGLEEGGDGVPLKVTYHDSCHLRRKMGVIEEPRNILSNIKGVDLVEMNESDRCCGFAGSYSIKFPEMSGPILERKLRNIEATGADVVAVDCPGCLMQINGGLDQTDLKVKVKHTAELLLEKRQKQK
protein_17492,0,MCSG-APC36629.2 $ 1 $ MCSG $ work stopped $ 1 $ label=0,DDLMQLIEATNKNANIILQEFIANSHGRDLRVFTIGGRVAGCYERRGQEDSFKANVSAGGSARPFDITPEIEWLATQTANILDLDVAGIDLLFDNGHYKICEANSSPGFEGLESCLNVD
protein_1577,0,CESG-GO.91550 $ 2 $ CESG $ work stopped $ 2 $ label=0,MADAEVIILPKKHKKKKERKSLPEEDVAEIQHAEEFLIKPESKVAKLDTSQWPLLLKNFDKLNVRTTHYTPLACGSNPLKREIGDYIRTGFINLDKPSNPSSHEVVAWIRRILRVEKTGHSGTLDPKVTGCLIVCIERATRLVKSQQSAGKEYVGIVRLHNAIEGGTQLSRALETLTGALFQRPPLIAAVKRQLRVRTIYESKMIEYDPERRLGIFWVSCEAGTYIRTLCVHLGLLLGVGGQMQELRRVRSGVMSEKDHMVTMHDVLDAQWLYDNHKDESYLRRVVYPLEKLLTSHKRLVMKDSAVNAICYGAKIMLPGVLRYEDGIEVNQEIVVITTKGEAICMAIALMTTAVISTCDHGIVAKIKRVIMERDTYPRKWGLGPKASQKKLMIKQGLLDKHGKPTDSTPATWKQEYVDYSESAKKEVVAEVVKAPQVVAEAAKTAKRKRESESESDETPPAAPQLIKKEKKKSKKDKKAKAGLESGAEPGDGDSDTTKKKKKKKKAKEVELVSE
protein_17248,0,MCSG-APC1901 $ 1 $ MCSG $ work stopped $ 1 $ label=0,GVPSNEPMLGQLTDNGRAAEAGLKEGDYIQSINGEKMRSWTDIVSAVKENPEKEMDVAVKRDNKTLHISVTPEAVKDENKKTIGRFGSYAPTEKGVLSAVAYGATSTVDVTKAILTNLSKLVTGQFKLDMLSGPVGIYDMTDQVAKTG
protein_5056,0,MCSG-APC1755 $ 1 $ MCSG $ work stopped $ 1 $ label=0,MGELANCPKCNALFLKTKLQTVCQACIKEEEKSFETVYKFLRKQENRQSTLSRITEETGVEEELILKFIRQKRIQITHLPNLAYPCERCGTSIREGKFCKACQSDIKDQMDHLNHEDALKIEKENSKKDTYYAYNTKNS
protein_33932,0,NYSGRC-005838 $ 21 $ NYSGRC $ work stopped $ 0 $ label=0,APPSRAQLQLHLPANRLQAVEGGEVVLPAWYTLHGEVSSSQPWEVPFVMWFFKQKEKEDQVLSYINGVTTSKPGVSLVYSMPSRNLSLRLEGLQEKDSGPYSCSVNVQDKQGKSRGHSIKTLELNVLVPPAPPSC
protein_21843,0,CESG-GO.16272 $ 1 $ CESG $ work stopped $ 2 $ label=0,MGVEIQSPQEQSSYTVEQLVALNPFNPEILPDLENYVNVTSQTYSLEVNLCLLRLYQFEPERMNTHIVARILVKALMAMPTPDFSLCLFLIPERVQMEEQFKSLIVLSHYLETGRFQQFWDEAAKNRHILEAVPGFEQAIQAYASHLLSLSYQKVPRSVLAEAVNMDGASLDKFIEQQVTNSGWIVEKEGGSIVLPQNEFNHPELKKNTGENVPLEHIARIFPILG
protein_43850,0,NYSGRC-029163 $ 2 $ NYSGRC $ work stopped $ 0 $ label=0,VTEPTDTKSILEQLTDIPKHFLLAQDTRIGHVHLSVKNALASSLLYQKVFDLGDKMTIPSASWIASGNYHHHLAFNHWSAPYLKKHQEGAPGLAFLTIHIETPLLFSATLKKARLHGLAILQEDSSSFTTEDEEGICVNVILGQD
protein_51158,0,MCSG-APC80846.2 $ 1 $ MCSG $ work stopped $ 1 $ label=0,SEAASPPVQVWSRNAEHAERLASMLPGATATDRTEELLCDAELYLLAVSDHALESVAATLPPTSGIWAHTAGSMPMDTLRPYHAQIGVFYPLQTFSRERRVDYSSIPIYIEGNDESVVRLLESVARLISRNVLRCT
protein_30373,0,CSGID-IDP04330 $ 1 $ CSGID $ work stopped $ 0 $ label=0,MKVFFLLIIVLLSSLIGYLYGEGFRNRLSQLRELKRALIDFENDIVYTYTPLPESIESIALKAKSPIKELFNEISFKLKNNEVENVYMAFKESINEHKKEMNLRNKDFEILLDLSKSLGETNVEGQIKIFNLAKEKLDIELEIAEDECNKNTKVYRYLGVAVGAMIAIFLV
protein_63312,1,"6HXV_1|Chains A, B|Coiled-coil domain-containing protein 61|Danio rerio (7955) label=1",GPHMEVGTVVQEEMKFRGSEFAVKVEMAERLLIVEISDVVTADQWRGEFGPAYIEDLTRKTGNFKQFPVFCSMLESAVHKSSDSVTLDLLTYSDLELLRNRKAGVVGRPRAQPQSPALSAKRYLILIYTVEEARIHYPLPLPYLGKPDPAELQKEIRALRSELKTLGLRGD
protein_46144,1,1G84_1|Chain A|IMMUNOGLOBULIN E|Homo sapiens (9606) label=1,SRDFTPPTVKILQSSSDGGGHFPPTIQLLCLVSGYTPGTINITWLEDGQVMDVDLSTASTTQEGELASTQSELTLSQKHWLSDRTYTCQVTYQGHTFEDSTKKSA
protein_3152,0,MCSG-APC68045.1 $ 1 $ MCSG $ work stopped $ 1 $ label=0,HQLTADVDTSRVRLSVPPGTDDVRLRYAVPADVLDVCEAVYARLVPGRPGMPARRPGWDRLMVLDPESRRDGASPLQCVVAERDGETVGYTRFRVKPDWEPSGPKGTVVLQDLEALDPAAHAALWRFLFDIDLTSHLNARNRPLDEAWLHLVSDIRRCN
protein_18458,1,MCSG-APC60420 $ 1 $ MCSG $ crystallized $ 1 $ label=1,MSETVSVESSVDSNINQDVNIRATYLGAHELKLAASLLYQAYHDDPVFLDIFKSDKEDYEQRLRGAIREELNAFWQAKQPMIGLYLGEAMVGVACINSPDETLASDRFWHWRLKMLLNAGYFSTKQMMQKEHTVLAAVPLKIFHFLSFIAVHPLHQQHGFGHYLMAAVNTVLDEHPDSEGVAVYATSGKFKEFFKQVDYHTVKEVTVGNVCGSVMVHYRDKEE
protein_22875,1,"2AM5_1|Chain A|Alpha-1,3-mannosyl-glycoprotein 2-beta-N-acetylglucosaminyltransferase|Oryctolagus cuniculus (9986) label=1",AVIPILVIACDRSTVRRCLDKLLHYRPSAELFPIIVSQDCGHEETAQVIASYGSAVTHIRQPDLSNIAVQPDHRKFQGYYKIARHYRWALGQIFHNFNYPAAVVVEDDLEVAPDFFEYFQATYPLLKADPSLWCVSAWNDNGKEQMVDSSKPELLYRTDFFPGLGWLLLAELWAELEPKWPKAFWDDWMRRPEQRKGRACVRPEISRTMTFGRKGVSHGQFFDQHLKFIKLNQQFVPFTQLDLSYLQQEAYDRDFLARVYGAPQLQVEKVRTNDRKELGEVRVQYTGRDSFKAFAKALGVMDDLKSGVPRAGYRGIVTFLFRGRRVHLAPPQTWDGYDPSWT
protein_59800,1,JCSG-392298 $ 1 $ JCSG $ diffraction-quality crystals $ 0 $ label=1,MNITNNRQYSWVGSREMCLDEISIKQYGEIVIGKYGGNISAGANKNEDGALVWSNGDWEFAAILDGHNSAESVDLVVNTIQKEYENIKEMMNESIDTVFRSIENHILTIFQSSSFKEKCQRIKGETACLLCVRKENYIWWLSIGDCLVYVFHDELHKLGQYALNQRHFYEWIGNVNTFDVPVPCYSSGIRELRTGNNRIVMVTDGVLEYGERRYETPLNLYNDMNRNNIKLEESVHHVLEHVHHQFGRDSATIISWDVENKGKATYPSDQPDKK
protein_45120,1,"5J03_1|Chain A|Potassium voltage-gated channel subfamily KQT member 3,Potassium voltage-gated channel subfamily KQT member 2|Homo sapiens (9606) label=1",MGSHHHHHHHHGSDYDIPTTENLYFQGSALKVQEQHRQKHFEKRRKPAAELIQAAWRYYATNPNRIDLVATWRFYESVVSFPEDLTPGLKVSIRAVCVMRFLVSKRKFKE
protein_49669,0,NYSGRC-030463 $ 1 $ NYSGRC $ work stopped $ 0 $ label=0,VSMDELDPHVARALTLAARFQSALDGTLNQMNNGSFRATDEAETVEVTINGHQWLTGLRIEDGLLKKLGAEAVAQRVNEALHNAQAAASAYNDAAGEQLTAALSAMSRAMNEGMA
protein_44542,1,3W19_2|Chain B[auth D]|fusion inhibitor CP32M-2|null label=1,WNEMTWMEWEREIENYTKLIYKILEESQE
protein_58592,1,RSGI-ttk003001437.1 $ 1 $ RSGI $ native diffraction-data $ 1 $ label=1,MGRMRLGFTPFNAELDYEAAFPLAAELGLDLEVAYDLHEAFPLPGARELRATGEALGVGFTLHLPFVELNPASLIPSVRKLSQERLLRALEFGEALGAKVGVLHTGLIPVRHPVAERLAWEALEETLALLRDPPIPVALENLALWEQDLVRGPEELRRLLERHPHFGFCLDVGHALVELGPKGPFRYLEALGDRLLHLHLHDNHGRRDDHLPVGSGRVPWEGLAPFLRGFSGTAALEVVGGPEGVRRSVERLAALLAP
protein_57781,0,NESG-XaR246 $ 1 $ NESG $ work stopped $ 1 $ label=0,MRSGRPLYWIFLLLAFSLLAVLVYVCVAVIPDLRNHPNARRSLKRVRSTLDPQREQRDASRRLDVADTPENRRQLAETLLARGDYAQAAEHYQGALRGLYRDDPHLMLGLAKAQFGLGQPQQTRQTLDALIAANPSFRSHDGHLLYARAVEGSGDTDAALHEYDTLAQGYPGEEARVRYAQLLQRIARNDQARAVYEQVLRHAAASPKHYQREQRAWVDLARKGLRELDTGA
protein_24630,1,7JJL_1|Chain A|Importin subunit alpha-3|Homo sapiens (9606) label=1,ENLYFQSGDYRVQNTSLEAIVQNASSDNQGIQLSAVQAARKLLSSDRNPPIDDLIKSGILPILVHCLERDDNPSLQFEAAWALTNIASGTSEQTQAVVQSNAVPLFLRLLHSPHQNVCEQAVWALGNIIGDGPQCRDYVISLGVVKPLLSFISPSIPITFLRNVTWVMVNLCRHKDPPPPMETIQEILPALCVLIHHTDVNILVDTVWALSYLTDAGNEQIQMVIDSGIVPHLVPLLSHQEVKVQTAALRAVGNIVTGTDEQTQVVLNCDALSHFPALLTHPKEKINKEAVWFLSNITAGNQQQVQAVIDANLVPMIIHLLDKGDFGTQKEAAWAISNLTISGRKDQVAYLIQQNVIPPFCNLLTVKDAQVVQVVLDGLSNILKMAEDEAETIGNLIEECGGLEKIEQLQNHENEDIYKLAYEIIDQFFSSDDIDEDPSLVPEAIQGGTFGFNSSANVPTEGFQF
protein_17555,0,MCSG-APC4467 $ 1 $ MCSG $ work stopped $ 1 $ label=0,MKISERQKDLLKEIGNIGAGNAATAISYMINKKVEISVPNVEIVPISKVIFIAKDPEEIVVGVKMPVTGDIEGSVLLIMGTTVVKKILEILTGRAPDNLLNLDEFSASALREIGNIMCGTYVSALADFLGFKIDTLPPQLVIDMISAIFAEASIEELEDNSEDQIVFVETLLKVEEEEEPLTSYMMMIPKPGYLVKIFERMGIQE
protein_26169,1,"1K8Q_1|Chains A, B|Triacylglycerol lipase, gastric|Canis lupus familiaris (9615) label=1",AFGKLHPTNPEVTMNISQMITYWGYPAEEYEVVTEDGYILGIDRIPYGRKNSENIGRRPVAFLQHGLLASATNWISNLPNNSLAFILADAGYDVWLGNSRGNTWARRNLYYSPDSVEFWAFSFDEMAKYDLPATIDFILKKTGQDKLHYVGHSQGTTIGFIAFSTNPKLAKRIKTFYALAPVATVKYTETLINKLMLVPSFLFKLIFGNKIFYPHHFFDQFLATEVCSRETVDLLCSNALFIICGFDTMNLNMSRLDVYLSHNPAGTSVQNVLHWSQAVKSGKFQAFDWGSPVQNMMHYHQSMPPYYNLTDMHVPIAVWNGGNDLLADPHDVDLLLSKLPNLIYHRKIPPYNHLDFIWAMDAPQAVYNEIVSMMGTD
protein_56454,1,"4U8H_2|Chains C[auth B], D|Period circadian protein homolog 2|Mus musculus (10090) label=1",SSDTSHTSKYFGSIDSSENNHKAKMIPDTEESEQFIKYVLQDPIWLLMANTDDSIMMTYQLPSRDLQAVLKEDQEKLKLLQRSQPRFTEGQRRELREVHPWVHTGGLPTAIDVTGCVYCES
protein_47048,0,MCSG-APC37023 $ 1 $ MCSG $ work stopped $ 1 $ label=0,MIKLIKNEIIKMLFKKKVILIMAIILIEACAFAYGQNNKYQRTVRSYVNSNSSSYNWRPLINQQIQDLQSKLKYRTVKKSEEKSINIQMEQYRYYLKNNINPITPTAGNFTSNIMAQSVTLLLPLLVIILASDIVSSEFSSRTIKVLLTRAVPRWKILLSKYIALIIMSAFVVFLTTIIPLIVSLVVFKRTGFGEPVITGYKVIAGKVDASNVVGIYQWYYILIMSALSFFISIVVGSISFMISIFVKSIGASIGIMMSALIGGNILSVFLDDIEAAKYFFVVNLNLPQYLTGKMRIVSGMNFDFSIMVLLIWSMASIVISFYVFNKKDVLV
protein_16074,1,JCSG-399109 $ 3 $ JCSG $ diffraction-quality crystals $ 0 $ label=1,MQATMTDKNTRELLLDAATTLFAEQGIAATTMAEIAASVGVNPAMIHYYFKTRDSLLDTIIEERIGRIIDMIWEPVTGEEDDPLIMVRDLVNRIVNTCETMLWLPSLWIREIVNEGGALREKMLNNIPIDKMNKFSAKIAEGQKQGVINSGIDSRLLIGSIIGLTMLPLATAKLRDQIPTMKGLSSEDIVCHVTALLFTGLTNPSNSDDIKKQRT
protein_1414,1,sp|Q5NAZ7|GH33_ORYSJ Jasmonoyl--L-amino acid synthetase GH3.3 OS=Oryza sativa subsp. japonica OX=39947 GN=GH3.3 PE=1 SV=2 label=1,MLEKKATRSTRVDGVSGEAVIEEFERVTRDAANVQRETLRRILAENGGVEYLRGLGLAGATDPATFRARVPLATHADLEPYIDRIADGDASPVLTAKPATSISLSSGTTQGKRKYLLFNEELVKSTMQIYRISYAFRNREFPVENGKALQFIYSSRETRTKGGLTATTATTNVYRSEEFKATMRDIQSQCCSPDEVIFGPDFAQSLYCHLLAGLLAAGDVQIVSATFAHSVVLAFQTFERAWEDLCADIRRGEVSPSRVTSPAVRRAMAALLAAPNPGLADEVARKCAALSNWYGVIPALWPNARYVYGIMTGSMEHYVKKLRHYAGGLPLVAAEYGASEGWVGANVEPGTPPERATFTVLPDIAYFEFIPLKPVAGDGGYAEAEPVGLTEVAAGELYEVVMTTFAGNTRSSSSCMTLVAYYYLQSKKWMNICRFCISVHETSRNLVTCTFAATGHIMFAQK
protein_15075,1,CSGID-IDP04431 $ 2 $ CSGID $ soluble $ 0 $ label=1,EMEDEHLIPKFKKELERLNQGLDMALYMARLNNFHEDFHVETISLKDTVTKNINGLKELFIRNGVFPVLEVHSDLKVASDAKWLKFIIYQLMTNAVRYSGERGKKVFLSAYRNGKDIILEVRDEGVGIPQEDIRRVFEPFYTGKNGRTFGESTGMGLYIVSKICDYLGHSVKLDSEVGKGTTIKIIFHNAANNQSEQTEKVTEA
protein_18304,1,SGPP-Lmaj007272AAA $ 1 $ SGPP $ soluble $ 1 $ label=1,MAHHHHHHMAYRVQKTTPAVVDNGTSSDGDEAQRASHKTAKTSSPSPIPKPARRKAPIADSDSDDESATRPAAKTTSPKFALKKAAVDSDSSDEDEPVPKNSSAGKRPAPRAEEAPAQRAARTESEGAARRTPHHLNEDGTFRRFQRIDPAKVTFDADALRDNRPGREHLVLRQNQEMMRTKGKGFNKLKQKNKGKFYGAGVDLSVRAYQFPDSDDE
protein_21464,1,NYSGXRC-10391k $ 1 $ NYSGXRC $ soluble $ 2 $ label=1,MSLSCWKPLSKEEFEAIVSKYKDNPKIEIDYENLKFIPKFNEQIKKYYSNKIKGAKVENLVNEVYEAWFDYIIRIYERPKEKDILMFLPCAAKKPYYKSKTHRTIQRAISGFQIFNRIHRVIVSNPGIIPWEFHTYWPFNSYDWPEWEETEDIKKLYYWVTYKRVKEFLRRHQYNYYTVYMKPDSLTYKAVMDASKELNIKIIPLLDEKTYEKCKGQGNPLVKEPCIESLKNNLKQLQKQIYEGSNSEGHHHHHH
protein_20275,1,"8FQC_6|Chains AA[auth J1], G[auth l1]|Baseplate Wedge 3 protein, gp30|Agrobacterium phage Milano (2557550) label=1",MNVLIPGIDGMVSAGTLEYTGCCPPSFADVDECTLATAFVGLLPSGPLWDRPKYEAITTITEAGNCAACWTTDHCPTLVDYAVNVGARLASVIERTIWPAVRESDPFTAVTSTADWLNRFDWVNCFETSCRSKELGEKTPIEYMTDCGPVYVKITYPPSLQQAFESALIKSLERLSMGIIKNLAAINFVIEPLKVRVVPVDTTDACENETLCVVLEKTSDFFDGVNANTCGIPTPVAAYIDRDVMQLPSDLDKYIWPGHMAAECIVRSLLSHVSRFCLIRTEQAPD
protein_41635,1,SGX-5895c $ 14 $ SGX $ soluble $ 2 $ label=1,SLLHHKMLHSVLQAPMSTLNTLKAGGILNRFSKDIAILDD
protein_19870,1,2LCU_1|Chain A|Bc28.1|Babesia canis (5867) label=1,SSGIEGCTEDEKRDSVVEGATSVEASLKEQIDWLAERYSADLTNKDTSKWNTDEKVKELLNEKAVGIESRLLAIAKEFHKLKSVLCTGVNETPAHVANRVSPGDAISMLYVLSITHRELSSLKNKIDEWKKVKASEDGTKVIQNIKDDRTNTWFVAHGFKVAELNDVTLEKLATVVNELVSHKDMIYINDAMKQNVDKWTKEESERLAMMAEQGISGAKGKKD
protein_458,0,CSGID-IDP90182 $ 1 $ CSGID $ work stopped $ 0 $ label=0,MDMNRLDLDKLKHENIFSENIIEDAKEFIFGSRRIYTDSVDDLIELYSLSKYLNNQNLKDVVIERMDYVCKYIGKDNWSTIYSFYKENGLSNSFLSQYINNNIEEICNTDQFLKLDADSVCDRSN
protein_3446,0,CESG-GO.1239 $ 1 $ CESG $ work stopped $ 2 $ label=0,MDVFDGLPDPIIVDILNKVGDVKTLLRCSSLSKRFNSLVPQSESLTLRLDHSVSDSPVVTSIFRSLFNGLVSLLSKPAKPITITTLSPSLPFKILSRFDRIRNLDVELPGGDVKLEKGAAVKWKAEFGKTLKSCVIVAFRSAGTVSSPVAVEGESDAEFVTGLKTRVVWTISALMAASSRHYLMREVVKEHEEIESLVMRDKEREGTVVMNEEGLKELRNTEARVEDEERVVKNKRSVVPSVRMSMRHAPSLKLKSGICLESATLVIVRPSGADFEVGDDAELATEAFVGDCMYGEAVVALLKCKKNALEMNSF
protein_57839,0,NESG-HR344 $ 1 $ NESG $ work stopped $ 1 $ label=0,MSPLWWGFLLSCLGCKILPGAQGQFPRVCMTVDSLVNKECCPRLGAESANVCGSQQGRGQCTEVRADTRPWSGPYILRNQDDRELWPRKFFHRTCKCTGNFAGYNCGDCKFGWTGPNCERKKPPVIRQNIHSLSPQEREQFLGALDLAKKRVHPDYVITTQHWVGLLGPNGTQPQFANCSVYDFFVWLHYYSVRDTLLGGFFPWLKVYYYRFVIGLRVWQWEVISCKLIKRATTRQP
protein_60115,0,NESG-HR2819 $ 1 $ NESG $ work stopped $ 1 $ label=0,MSELTKELMELVWGTKSSPGLSDTIFCRWTQGFVFSESEGSALEQFEGGPCAVIAPVQAFLLKKLLFSSEKSSWRDCSEEEQKELLCHTLCDILEGACCDHSGSYCLVSWLRGKTTEETASISGSPAESSCQVEHS
protein_54151,1,NYSGXRC-15201a $ 25 $ NYSGXRC $ soluble $ 2 $ label=1,MSLRRERDILDTKVTVAERDAKMLRQKISLMDVELQDARTKLDNSRVEKENHSSIIQQHDDIMEKLNQLNLLRESNITLRNELENNNNKKKELQSELDKLKQNVAPIESELTALKYSMQEKEQELKLAKEEVHRWKKRSQDILEKHEQLSSSDYEKLESEIENLKEELENKERQGAEAEEKFNRLRRQAQERLKTSKLSQDSLTEQVNSLRDAKNVLENSLSEANARIEELQNAKVAQGNNQLEAIRKLQEDAEKASRELQAKLEESTTSYESTINGLNEEITTLKEEIEKQRQIQQQLQATSANEGHHHHHH
